{
  "images" : [
    {
      "size" : "29x29",
      "idiom" : "iphone",
      "filename" : "screen_shot_2016-07-15_at_3.01.24_pm_360-29@2x.png",
      "scale" : "2x"
    },
    {
      "size" : "29x29",
      "idiom" : "iphone",
      "filename" : "screen_shot_2016-07-15_at_3.01.24_pm_360-29@3x.png",
      "scale" : "3x"
    },
    {
      "size" : "40x40",
      "idiom" : "iphone",
      "filename" : "screen_shot_2016-07-15_at_3.01.24_pm_360-40@2x.png",
      "scale" : "2x"
    },
    {
      "size" : "40x40",
      "idiom" : "iphone",
      "filename" : "screen_shot_2016-07-15_at_3.01.24_pm_360-40@3x.png",
      "scale" : "3x"
    },
    {
      "size" : "60x60",
      "idiom" : "iphone",
      "filename" : "screen_shot_2016-07-15_at_3.01.24_pm_360-60@2x.png",
      "scale" : "2x"
    },
    {
      "size" : "60x60",
      "idiom" : "iphone",
      "filename" : "screen_shot_2016-07-15_at_3.01.24_pm_360-60@3x.png",
      "scale" : "3x"
    },
    {
      "size" : "29x29",
      "idiom" : "ipad",
      "filename" : "screen_shot_2016-07-15_at_3.01.24_pm_360-29.png",
      "scale" : "1x"
    },
    {
      "size" : "29x29",
      "idiom" : "ipad",
      "filename" : "screen_shot_2016-07-15_at_3.01.24_pm_360-29@2x.png",
      "scale" : "2x"
    },
    {
      "size" : "40x40",
      "idiom" : "ipad",
      "filename" : "screen_shot_2016-07-15_at_3.01.24_pm_360-40.png",
      "scale" : "1x"
    },
    {
      "size" : "40x40",
      "idiom" : "ipad",
      "filename" : "screen_shot_2016-07-15_at_3.01.24_pm_360-40@2x.png",
      "scale" : "2x"
    },
    {
      "size" : "76x76",
      "idiom" : "ipad",
      "filename" : "screen_shot_2016-07-15_at_3.01.24_pm_360-76.png",
      "scale" : "1x"
    },
    {
      "size" : "76x76",
      "idiom" : "ipad",
      "filename" : "screen_shot_2016-07-15_at_3.01.24_pm_360-76@2x.png",
      "scale" : "2x"
    },
    {
      "size" : "83.5x83.5",
      "idiom" : "ipad",
      "filename" : "screen_shot_2016-07-15_at_3.01.24_pm_360-83.5@2x.png",
      "scale" : "2x"
    }
  ],
  "info" : {
    "version" : 1,
    "author" : "xcode"
  }
}